Column1,Column2,Column3,cep
Caminho do Curral ,Pechincha ,Rio de Janeiro/RJ ,22770-160
Estrada Marechal Miguel Salazar Mendes de Morais - até 1055 - lado ímpar ,Taquara ,Rio de Janeiro/RJ ,22770-330
Estrada Marechal Miguel Salazar Mendes de Morais - até 1160 - lado par ,Taquara ,Rio de Janeiro/RJ ,22770-331
Estrada Marechal Miguel Salazar Mendes de Morais - de 1057 ao fim - lado ímpar ,Cidade de Deus ,Rio de Janeiro/RJ ,22770-333
Estrada Marechal Miguel Salazar Mendes de Morais - de 1162 ao fim - lado par ,Cidade de Deus ,Rio de Janeiro/RJ ,22770-334
"Estrada Marechal Miguel Salazar Mendes de Morais 906

AGF Prezunic Clique e Retire ",Taquara ,Rio de Janeiro/RJ ,22770-959
"Estrada Marechal Miguel Salazar Mendes de Morais 906

AGF Prezunic ",Taquara ,Rio de Janeiro/RJ ,22770-970
Praça Araguacema ,Cidade de Deus ,Rio de Janeiro/RJ ,22770-260
Praça Roberto Valeriano Pequeno ,Cidade de Deus ,Rio de Janeiro/RJ ,22770-420
Rua A ,Pechincha ,Rio de Janeiro/RJ ,22770-495
Rua Alto Alegre ,Pechincha ,Rio de Janeiro/RJ ,22770-010
Rua Alto Pora ,Pechincha ,Rio de Janeiro/RJ ,22770-020
Rua Antônio Girão Barroso ,Pechincha ,Rio de Janeiro/RJ ,22770-130
Rua Artur de Sá Earp ,Cidade de Deus ,Rio de Janeiro/RJ ,22770-270
Rua Artur Orlando ,Pechincha ,Rio de Janeiro/RJ ,22770-040
Rua Assis Moura ,Pechincha ,Rio de Janeiro/RJ ,22770-280
Rua B (Vivendas Bandeirantes) ,Pechincha ,Rio de Janeiro/RJ ,22770-500
Rua Belfast ,Freguesia (Jacarepaguá) ,Rio de Janeiro/RJ ,22770-380
Rua C (Vivendas Bandeirantes) ,Pechincha ,Rio de Janeiro/RJ ,22770-510
Rua Cabo Geraldo Calderaro ,Freguesia (Jacarepaguá) ,Rio de Janeiro/RJ ,22770-290
Rua Caniu ,Pechincha ,Rio de Janeiro/RJ ,22770-580
Rua Carlos Afonso Ottino ,Cidade de Deus ,Rio de Janeiro/RJ ,22770-300
Rua Clevelândia ,Cidade de Deus ,Rio de Janeiro/RJ ,22770-310
Rua Clóvis Monteiro ,Pechincha ,Rio de Janeiro/RJ ,22770-140
Rua Cosme Damião ,Cidade de Deus ,Rio de Janeiro/RJ ,22770-660
Rua D ,Pechincha ,Rio de Janeiro/RJ ,22770-530
Rua da Conceição ,Cidade de Deus ,Rio de Janeiro/RJ ,22770-670
Rua Delmiro Gouveia ,Pechincha ,Rio de Janeiro/RJ ,22770-150
Rua E (Vivendas Bandeirantes ) ,Pechincha ,Rio de Janeiro/RJ ,22770-540
Rua Edgard Cavalheiro ,Cidade de Deus ,Rio de Janeiro/RJ ,22770-320
Rua Efraim Thomas Bo ,Taquara ,Rio de Janeiro/RJ ,22770-170
Rua F (Vivendas Bandeirantes) ,Pechincha ,Rio de Janeiro/RJ ,22770-550
Rua Félix Crame ,Pechincha ,Rio de Janeiro/RJ ,22770-180
Rua G (Vivendas Bandeirantes) ,Pechincha ,Rio de Janeiro/RJ ,22770-560
Rua General Miguel Ferreira ,Taquara ,Rio de Janeiro/RJ ,22770-590
Rua H (Vivendas Bandeirantes) ,Pechincha ,Rio de Janeiro/RJ ,22770-570
Rua I (Vivendas Bandeirantes ) ,Pechincha ,Rio de Janeiro/RJ ,22770-520
Rua Ignes ,Cidade de Deus ,Rio de Janeiro/RJ ,22770-675
Rua Imuta ,Pechincha ,Rio de Janeiro/RJ ,22770-600
Rua João Lópes Braga ,Taquara ,Rio de Janeiro/RJ ,22770-610
Rua Joaquim Inácio Filho ,Taquara ,Rio de Janeiro/RJ ,22770-620
Rua Joaquim Tourinho ,Pechincha ,Rio de Janeiro/RJ ,22770-060
Rua Luar ,Cidade de Deus ,Rio de Janeiro/RJ ,22770-680
Rua Manoel Costa Ramos ,Pechincha ,Rio de Janeiro/RJ ,22770-070
Rua Maria da Fé ,Cidade de Deus ,Rio de Janeiro/RJ ,22770-340
Rua Maria Jorgina ,Cidade de Deus ,Rio de Janeiro/RJ ,22770-655
Rua Maria Magalhães Pinto ,Pechincha ,Rio de Janeiro/RJ ,22770-350
Rua Ministro Gabriel de Piza ,Pechincha ,Rio de Janeiro/RJ ,22770-360
Rua Ministro Pedro Firmeza ,Freguesia (Jacarepaguá) ,Rio de Janeiro/RJ ,22770-630
Rua Mirataia ,Pechincha ,Rio de Janeiro/RJ ,22770-190
